{"intrinsic": {"height": 640, "model": "OPENCV", "params": [491.1993103027344, 490.4459533691406, 242.08242797851562, 320.365966796875, 0.0, 0.0, 0.0, 0.0], "width": 480}, "pose": {"position": [12.214004516601562, -0.10531248897314072, -0.09575982391834259], "quaternion": [0.49491584300994873, -0.5057429075241089, -0.49845731258392334, 0.5008220672607422]}}