{
    "intrinsic": {
        "height": 640,
        "model": "OPENCV",
        "params": [
            491.1993103027344,
            490.4459533691406,
            242.08242797851562,
            320.365966796875,
            0.0,
            0.0,
            0.0,
            0.0
        ],
        "width": 480
    },
    "pose": {
        "position": [
            59.64210891723633,
            0.503040075302124,
            -0.07865545153617859
        ],
        "quaternion": [
            0.48863962292671204,
            0.48292481899261475,
            0.5114275813102722,
            0.5161944627761841
        ]
    }
}