{
    "intrinsic": {
        "height": 640,
        "model": "OPENCV",
        "params": [
            491.1993103027344,
            490.4459533691406,
            242.08242797851562,
            320.365966796875,
            0.0,
            0.0,
            0.0,
            0.0
        ],
        "width": 480
    },
    "pose": {
        "position": [
            73.8038558959961,
            2.0950348377227783,
            -0.13724049925804138
        ],
        "quaternion": [
            0.5139743089675903,
            -0.46238067746162415,
            -0.4859946370124817,
            0.5346435308456421
        ]
    }
}