{
    "intrinsic": {
        "height": 640,
        "model": "OPENCV",
        "params": [
            491.1993103027344,
            490.4459533691406,
            242.08242797851562,
            320.365966796875,
            0.0,
            0.0,
            0.0,
            0.0
        ],
        "width": 480
    },
    "pose": {
        "position": [
            64.23678588867188,
            2.086594343185425,
            -0.09372512996196747
        ],
        "quaternion": [
            0.5019404292106628,
            -0.49030935764312744,
            -0.4916822910308838,
            0.5156559348106384
        ]
    }
}