{"intrinsic": {"height": 640, "model": "OPENCV", "params": [491.1993103027344, 490.4459533691406, 242.08242797851562, 320.365966796875, 0.0, 0.0, 0.0, 0.0], "width": 480}, "pose": {"position": [5.977783679962158, -1.2195273637771606, -0.2744502127170563], "quaternion": [0.7185088396072388, -0.009177626110613346, -0.010910541750490665, 0.695371687412262]}}