{
    "intrinsic": {
        "height": 640,
        "model": "OPENCV",
        "params": [
            491.1993103027344,
            490.4459533691406,
            242.08242797851562,
            320.365966796875,
            0.0,
            0.0,
            0.0,
            0.0
        ],
        "width": 480
    },
    "pose": {
        "position": [
            73.0061264038086,
            2.004164218902588,
            -0.018863139674067497
        ],
        "quaternion": [
            0.4801792502403259,
            0.5207279324531555,
            0.51511150598526,
            0.48262864351272583
        ]
    }
}