{"intrinsic": {"height": 640, "model": "OPENCV", "params": [491.1993103027344, 490.4459533691406, 242.08242797851562, 320.365966796875, 0.0, 0.0, 0.0, 0.0], "width": 480}, "pose": {"position": [31.224763870239258, -0.37190672755241394, -0.13591723144054413], "quaternion": [0.8299081325531006, 0.007302772719413042, 0.00960622075945139, 0.5577695965766907]}}