{"intrinsic": {"height": 640, "model": "OPENCV", "params": [491.1993103027344, 490.4459533691406, 242.08242797851562, 320.365966796875, 0.0, 0.0, 0.0, 0.0], "width": 480}, "pose": {"position": [23.051774978637695, 0.0027540226001292467, -0.13184811174869537], "quaternion": [0.48901891708374023, -0.5087925791740417, -0.5041903257369995, 0.4977777600288391]}}