{
    "intrinsic": {
        "height": 640,
        "model": "OPENCV",
        "params": [
            491.1993103027344,
            490.4459533691406,
            242.08242797851562,
            320.365966796875,
            0.0,
            0.0,
            0.0,
            0.0
        ],
        "width": 480
    },
    "pose": {
        "position": [
            69.36701965332031,
            1.8582432270050049,
            -0.1270408183336258
        ],
        "quaternion": [
            0.5507369041442871,
            -0.4188542068004608,
            -0.4413091540336609,
            0.5713984966278076
        ]
    }
}