{"intrinsic": {"height": 640, "model": "OPENCV", "params": [491.1993103027344, 490.4459533691406, 242.08242797851562, 320.365966796875, 0.0, 0.0, 0.0, 0.0], "width": 480}, "pose": {"position": [18.560182571411133, -1.0824451446533203, -0.3116253912448883], "quaternion": [0.5023238062858582, 0.4985513389110565, 0.5008652806282043, 0.49824824929237366]}}