{
    "intrinsic": {
        "height": 640,
        "model": "OPENCV",
        "params": [
            491.1993103027344,
            490.4459533691406,
            242.08242797851562,
            320.365966796875,
            0.0,
            0.0,
            0.0,
            0.0
        ],
        "width": 480
    },
    "pose": {
        "position": [
            73.44158935546875,
            2.537101984024048,
            -0.0486544668674469
        ],
        "quaternion": [
            0.7083560228347778,
            0.035104576498270035,
            0.039218056946992874,
            0.7038902044296265
        ]
    }
}