{"intrinsic": {"height": 640, "model": "OPENCV", "params": [491.1993103027344, 490.4459533691406, 242.08242797851562, 320.365966796875, 0.0, 0.0, 0.0, 0.0], "width": 480}, "pose": {"position": [50.8699836730957, 1.5185635089874268, -0.08235552161931992], "quaternion": [0.4959660470485687, 0.5222621560096741, 0.5126484036445618, 0.4673880338668823]}}