{"intrinsic": {"height": 640, "model": "OPENCV", "params": [491.1993103027344, 490.4459533691406, 242.08242797851562, 320.365966796875, 0.0, 0.0, 0.0, 0.0], "width": 480}, "pose": {"position": [31.37901496887207, -0.47915178537368774, -0.12035268545150757], "quaternion": [0.7732391953468323, 0.04276992380619049, 0.04083213955163956, 0.6313514709472656]}}