{"intrinsic": {"height": 640, "model": "OPENCV", "params": [491.1993103027344, 490.4459533691406, 242.08242797851562, 320.365966796875, 0.0, 0.0, 0.0, 0.0], "width": 480}, "pose": {"position": [28.22955894470215, 0.1309254914522171, -0.13503915071487427], "quaternion": [0.5316931009292603, -0.46210893988609314, -0.47246330976486206, 0.529656708240509]}}