{
    "intrinsic": {
        "height": 640,
        "model": "OPENCV",
        "params": [
            491.1993103027344,
            490.4459533691406,
            242.08242797851562,
            320.365966796875,
            0.0,
            0.0,
            0.0,
            0.0
        ],
        "width": 480
    },
    "pose": {
        "position": [
            49.335975646972656,
            -0.4735439717769623,
            -0.07896535843610764
        ],
        "quaternion": [
            0.5201745629310608,
            0.4692752957344055,
            0.4798107445240021,
            0.5281863212585449
        ]
    }
}