{"intrinsic": {"height": 640, "model": "OPENCV", "params": [491.1993103027344, 490.4459533691406, 242.08242797851562, 320.365966796875, 0.0, 0.0, 0.0, 0.0], "width": 480}, "pose": {"position": [17.346044540405273, -0.05861390754580498, -0.09633876383304596], "quaternion": [0.49935728311538696, -0.5081186294555664, -0.48865002393722534, 0.5036655068397522]}}