{"intrinsic": {"height": 640, "model": "OPENCV", "params": [491.1993103027344, 490.4459533691406, 242.08242797851562, 320.365966796875, 0.0, 0.0, 0.0, 0.0], "width": 480}, "pose": {"position": [29.33751106262207, -0.3038671016693115, -0.13997673988342285], "quaternion": [0.48308947682380676, 0.5074676871299744, 0.5237781405448914, 0.4845178425312042]}}