{
    "intrinsic": {
        "height": 640,
        "model": "OPENCV",
        "params": [
            491.1993103027344,
            490.4459533691406,
            242.08242797851562,
            320.365966796875,
            0.0,
            0.0,
            0.0,
            0.0
        ],
        "width": 480
    },
    "pose": {
        "position": [
            31.103914260864258,
            -1.35275137424469,
            -0.013020941987633705
        ],
        "quaternion": [
            0.7693929076194763,
            -0.0027815678622573614,
            0.0036355918273329735,
            0.638759434223175
        ]
    }
}