{"intrinsic": {"height": 640, "model": "OPENCV", "params": [491.1993103027344, 490.4459533691406, 242.08242797851562, 320.365966796875, 0.0, 0.0, 0.0, 0.0], "width": 480}, "pose": {"position": [13.400934219360352, -1.0084580183029175, -0.28197330236434937], "quaternion": [0.5792711973190308, 0.4333110749721527, 0.396159291267395, 0.5654593110084534]}}