{"intrinsic": {"height": 640, "model": "OPENCV", "params": [491.1993103027344, 490.4459533691406, 242.08242797851562, 320.365966796875, 0.0, 0.0, 0.0, 0.0], "width": 480}, "pose": {"position": [2.651294708251953, -0.03899673745036125, 0.0170325618237257], "quaternion": [0.5043338537216187, -0.51561439037323, -0.492373526096344, 0.48719343543052673]}}