{"intrinsic": {"height": 640, "model": "OPENCV", "params": [491.1993103027344, 490.4459533691406, 242.08242797851562, 320.365966796875, 0.0, 0.0, 0.0, 0.0], "width": 480}, "pose": {"position": [30.43421745300293, -0.6981925964355469, -0.42417430877685547], "quaternion": [0.8270719051361084, 0.0078024365939199924, 0.009930604137480259, 0.5619542598724365]}}