{"intrinsic": {"height": 640, "model": "OPENCV", "params": [491.1993103027344, 490.4459533691406, 242.08242797851562, 320.365966796875, 0.0, 0.0, 0.0, 0.0], "width": 480}, "pose": {"position": [53.83100509643555, 1.904325246810913, -0.0960654467344284], "quaternion": [0.4909205734729767, -0.5065266489982605, -0.5073718428611755, 0.494976282119751]}}