{"intrinsic": {"height": 640, "model": "OPENCV", "params": [491.1993103027344, 490.4459533691406, 242.08242797851562, 320.365966796875, 0.0, 0.0, 0.0, 0.0], "width": 480}, "pose": {"position": [30.05353546142578, -0.12331569194793701, -0.1579304337501526], "quaternion": [-0.45243316888809204, 0.7314662933349609, 0.4073083996772766, -0.30718255043029785]}}