{"intrinsic": {"height": 640, "model": "OPENCV", "params": [491.1993103027344, 490.4459533691406, 242.08242797851562, 320.365966796875, 0.0, 0.0, 0.0, 0.0], "width": 480}, "pose": {"position": [6.079233169555664, -0.7907755970954895, -0.2853055000305176], "quaternion": [0.47325044870376587, -0.5255752801895142, -0.5270472168922424, 0.4711962342262268]}}