{
    "intrinsic": {
        "height": 640,
        "model": "OPENCV",
        "params": [
            491.1993103027344,
            490.4459533691406,
            242.08242797851562,
            320.365966796875,
            0.0,
            0.0,
            0.0,
            0.0
        ],
        "width": 480
    },
    "pose": {
        "position": [
            37.702091217041016,
            -1.4242020845413208,
            -0.11712951213121414
        ],
        "quaternion": [
            0.48017942905426025,
            0.5152021646499634,
            0.536828875541687,
            0.464552640914917
        ]
    }
}