{
    "intrinsic": {
        "height": 640,
        "model": "OPENCV",
        "params": [
            491.1993103027344,
            490.4459533691406,
            242.08242797851562,
            320.365966796875,
            0.0,
            0.0,
            0.0,
            0.0
        ],
        "width": 480
    },
    "pose": {
        "position": [
            31.924440383911133,
            -1.08369779586792,
            -0.16897065937519073
        ],
        "quaternion": [
            0.46079838275909424,
            -0.5071113705635071,
            -0.5415005683898926,
            0.48711398243904114
        ]
    }
}