{"intrinsic": {"height": 640, "model": "OPENCV", "params": [491.1993103027344, 490.4459533691406, 242.08242797851562, 320.365966796875, 0.0, 0.0, 0.0, 0.0], "width": 480}, "pose": {"position": [7.273355007171631, -0.11896402388811111, -0.005868390202522278], "quaternion": [0.49097681045532227, -0.5292443633079529, -0.5022122263908386, 0.47605156898498535]}}