{
    "intrinsic": {
        "height": 640,
        "model": "OPENCV",
        "params": [
            491.1993103027344,
            490.4459533691406,
            242.08242797851562,
            320.365966796875,
            0.0,
            0.0,
            0.0,
            0.0
        ],
        "width": 480
    },
    "pose": {
        "position": [
            59.06720733642578,
            2.059210777282715,
            -0.08750609308481216
        ],
        "quaternion": [
            0.5492718815803528,
            -0.44380462169647217,
            -0.44862979650497437,
            0.5477856397628784
        ]
    }
}