{"intrinsic": {"height": 640, "model": "OPENCV", "params": [491.1993103027344, 490.4459533691406, 242.08242797851562, 320.365966796875, 0.0, 0.0, 0.0, 0.0], "width": 480}, "pose": {"position": [51.21943283081055, 1.8013421297073364, -0.12312339246273041], "quaternion": [0.3774529695510864, 0.6115230917930603, 0.6013808250427246, 0.34915590286254883]}}