{"intrinsic": {"height": 640, "model": "OPENCV", "params": [491.1993103027344, 490.4459533691406, 242.08242797851562, 320.365966796875, 0.0, 0.0, 0.0, 0.0], "width": 480}, "pose": {"position": [23.6888427734375, -0.6906354427337646, -0.344454824924469], "quaternion": [0.5030298829078674, 0.4882148802280426, 0.48440316319465637, 0.5234126448631287]}}