{
    "intrinsic": {
        "height": 640,
        "model": "OPENCV",
        "params": [
            491.1993103027344,
            490.4459533691406,
            242.08242797851562,
            320.365966796875,
            0.0,
            0.0,
            0.0,
            0.0
        ],
        "width": 480
    },
    "pose": {
        "position": [
            43.514442443847656,
            1.27621328830719,
            -0.21732716262340546
        ],
        "quaternion": [
            -0.5324335098266602,
            0.4572248160839081,
            0.462690144777298,
            -0.5416436791419983
        ]
    }
}