{"intrinsic": {"height": 640, "model": "OPENCV", "params": [491.1993103027344, 490.4459533691406, 242.08242797851562, 320.365966796875, 0.0, 0.0, 0.0, 0.0], "width": 480}, "pose": {"position": [5.828797817230225, -0.9330947995185852, -0.2857505977153778], "quaternion": [0.7152842879295349, 0.006034197751432657, 0.0056136855855584145, 0.6987849473953247]}}