{
    "intrinsic": {
        "height": 640,
        "model": "OPENCV",
        "params": [
            491.1993103027344,
            490.4459533691406,
            242.08242797851562,
            320.365966796875,
            0.0,
            0.0,
            0.0,
            0.0
        ],
        "width": 480
    },
    "pose": {
        "position": [
            32.76682662963867,
            0.04372657090425491,
            -0.1903814822435379
        ],
        "quaternion": [
            -0.5094134211540222,
            0.48383215069770813,
            0.48224344849586487,
            -0.5233026146888733
        ]
    }
}