{
    "intrinsic": {
        "height": 640,
        "model": "OPENCV",
        "params": [
            491.1993103027344,
            490.4459533691406,
            242.08242797851562,
            320.365966796875,
            0.0,
            0.0,
            0.0,
            0.0
        ],
        "width": 480
    },
    "pose": {
        "position": [
            64.56663513183594,
            0.7171064019203186,
            -0.036244962364435196
        ],
        "quaternion": [
            0.48902004957199097,
            0.4982849359512329,
            0.5205075144767761,
            0.49157240986824036
        ]
    }
}