{
    "intrinsic": {
        "height": 640,
        "model": "OPENCV",
        "params": [
            491.1993103027344,
            490.4459533691406,
            242.08242797851562,
            320.365966796875,
            0.0,
            0.0,
            0.0,
            0.0
        ],
        "width": 480
    },
    "pose": {
        "position": [
            58.03580856323242,
            0.0341009646654129,
            -0.08560316264629364
        ],
        "quaternion": [
            0.09681839495897293,
            0.6997056603431702,
            0.7026665806770325,
            0.08542740345001221
        ]
    }
}