{
    "intrinsic": {
        "height": 640,
        "model": "OPENCV",
        "params": [
            491.1993103027344,
            490.4459533691406,
            242.08242797851562,
            320.365966796875,
            0.0,
            0.0,
            0.0,
            0.0
        ],
        "width": 480
    },
    "pose": {
        "position": [
            68.63395690917969,
            1.023898720741272,
            -0.07046037912368774
        ],
        "quaternion": [
            0.2968483567237854,
            0.6280238032341003,
            0.6485835909843445,
            0.311137318611145
        ]
    }
}