{
    "intrinsic": {
        "height": 640,
        "model": "OPENCV",
        "params": [
            491.1993103027344,
            490.4459533691406,
            242.08242797851562,
            320.365966796875,
            0.0,
            0.0,
            0.0,
            0.0
        ],
        "width": 480
    },
    "pose": {
        "position": [
            51.42911911010742,
            1.8967868089675903,
            -0.08241356909275055
        ],
        "quaternion": [
            -0.061170272529125214,
            0.7052931189537048,
            0.7031453251838684,
            -0.06638126075267792
        ]
    }
}