{
    "intrinsic": {
        "height": 640,
        "model": "OPENCV",
        "params": [
            491.1993103027344,
            490.4459533691406,
            242.08242797851562,
            320.365966796875,
            0.0,
            0.0,
            0.0,
            0.0
        ],
        "width": 480
    },
    "pose": {
        "position": [
            31.95054054260254,
            -1.1249191761016846,
            -0.19678935408592224
        ],
        "quaternion": [
            0.4935716390609741,
            -0.47852206230163574,
            -0.5122867226600647,
            0.5147485136985779
        ]
    }
}