{
    "intrinsic": {
        "height": 640,
        "model": "OPENCV",
        "params": [
            491.1993103027344,
            490.4459533691406,
            242.08242797851562,
            320.365966796875,
            0.0,
            0.0,
            0.0,
            0.0
        ],
        "width": 480
    },
    "pose": {
        "position": [
            48.88052749633789,
            2.1861023902893066,
            -0.19624322652816772
        ],
        "quaternion": [
            -0.519907534122467,
            0.4632513225078583,
            0.4576043486595154,
            -0.5528947710990906
        ]
    }
}