{
    "intrinsic": {
        "height": 640,
        "model": "OPENCV",
        "params": [
            491.1993103027344,
            490.4459533691406,
            242.08242797851562,
            320.365966796875,
            0.0,
            0.0,
            0.0,
            0.0
        ],
        "width": 480
    },
    "pose": {
        "position": [
            43.951988220214844,
            -0.9638001918792725,
            -0.11844651401042938
        ],
        "quaternion": [
            0.481835275888443,
            0.5070351362228394,
            0.5319318175315857,
            0.47728264331817627
        ]
    }
}