{"intrinsic": {"height": 640, "model": "OPENCV", "params": [491.1993103027344, 490.4459533691406, 242.08242797851562, 320.365966796875, 0.0, 0.0, 0.0, 0.0], "width": 480}, "pose": {"position": [5.965967655181885, -1.2134419679641724, -0.2697284519672394], "quaternion": [0.711033821105957, -0.02481498196721077, -0.01742466166615486, 0.7025037407875061]}}