{"intrinsic": {"height": 640, "model": "OPENCV", "params": [491.1993103027344, 490.4459533691406, 242.08242797851562, 320.365966796875, 0.0, 0.0, 0.0, 0.0], "width": 480}, "pose": {"position": [5.911287784576416, -1.1900984048843384, -0.2544448971748352], "quaternion": [0.7130529880523682, -0.014629127457737923, 0.014595430344343185, 0.7008055448532104]}}