{"intrinsic": {"height": 640, "model": "OPENCV", "params": [491.1993103027344, 490.4459533691406, 242.08242797851562, 320.365966796875, 0.0, 0.0, 0.0, 0.0], "width": 480}, "pose": {"position": [-0.06536195427179337, 0.07920578867197037, 0.024622611701488495], "quaternion": [0.48772209882736206, -0.5053895711898804, -0.504594624042511, 0.5020884275436401]}}