{"intrinsic": {"height": 640, "model": "OPENCV", "params": [491.1993103027344, 490.4459533691406, 242.08242797851562, 320.365966796875, 0.0, 0.0, 0.0, 0.0], "width": 480}, "pose": {"position": [51.44975662231445, 1.7348811626434326, -0.09581611305475235], "quaternion": [0.7116531133651733, -0.03588426858186722, -0.023994596675038338, 0.7012035846710205]}}