{"intrinsic": {"height": 640, "model": "OPENCV", "params": [491.1993103027344, 490.4459533691406, 242.08242797851562, 320.365966796875, 0.0, 0.0, 0.0, 0.0], "width": 480}, "pose": {"position": [28.569210052490234, -0.5860334634780884, -0.3333089053630829], "quaternion": [0.5142908692359924, 0.5067130923271179, 0.5018149614334106, 0.47637009620666504]}}