{
    "intrinsic": {
        "height": 640,
        "model": "OPENCV",
        "params": [
            491.1993103027344,
            490.4459533691406,
            242.08242797851562,
            320.365966796875,
            0.0,
            0.0,
            0.0,
            0.0
        ],
        "width": 480
    },
    "pose": {
        "position": [
            32.68190383911133,
            -1.704679250717163,
            -0.11625943332910538
        ],
        "quaternion": [
            0.49373161792755127,
            0.4964998662471771,
            0.5268253684043884,
            0.4818422794342041
        ]
    }
}