{
    "intrinsic": {
        "height": 640,
        "model": "OPENCV",
        "params": [
            491.1993103027344,
            490.4459533691406,
            242.08242797851562,
            320.365966796875,
            0.0,
            0.0,
            0.0,
            0.0
        ],
        "width": 480
    },
    "pose": {
        "position": [
            38.33161926269531,
            0.6517406702041626,
            -0.18008491396903992
        ],
        "quaternion": [
            -0.5166600346565247,
            0.45516690611839294,
            0.4744677245616913,
            -0.5484212040901184
        ]
    }
}