{"intrinsic": {"height": 640, "model": "OPENCV", "params": [491.1993103027344, 490.4459533691406, 242.08242797851562, 320.365966796875, 0.0, 0.0, 0.0, 0.0], "width": 480}, "pose": {"position": [8.145795822143555, -1.3989415168762207, -0.3047458231449127], "quaternion": [0.6011174917221069, 0.3704186975955963, 0.36574476957321167, 0.6063649654388428]}}